INSERT INTO course (id, name, duration, instructor, create_at, image, status) VALUES
                                                                                  ('C001', 'Java Basics', 30, 'Nguyen Van A', '2024-01-05', 'java.png', true),
                                                                                  ('C002', 'Advanced Java', 45, 'Tran Thi B', '2024-02-10', 'adv_java.png', true),
                                                                                  ('C003', 'Spring Boot', 40, 'Le Van C', '2024-03-15', 'spring.png', true),
                                                                                  ('C004', 'HTML & CSS', 25, 'Pham Thi D', '2024-04-20', 'htmlcss.png', true),
                                                                                  ('C005', 'JavaScript', 30, 'Nguyen Van E', '2024-05-10', 'js.png', true),
                                                                                  ('C006', 'ReactJS', 35, 'Tran Van F', '2024-06-01', 'react.png', true),
                                                                                  ('C007', 'NodeJS', 30, 'Le Thi G', '2024-06-05', 'node.png', true),
                                                                                  ('C008', 'Python for Data Science', 50, 'Nguyen Van H', '2024-07-12', 'python.png', true),
                                                                                  ('C009', 'Machine Learning', 60, 'Tran Thi I', '2024-08-01', 'ml.png', true),
                                                                                  ('C010', 'SQL & Database', 20, 'Pham Van J', '2024-09-15', 'sql.png', true),
                                                                                  ('C011', 'C++ Programming', 40, 'Nguyen Thi K', '2024-10-10', 'cpp.png', true),
                                                                                  ('C012', 'C# for Beginners', 30, 'Tran Van L', '2024-11-01', 'csharp.png', true),
                                                                                  ('C013', 'PHP Web Development', 35, 'Le Thi M', '2024-12-05', 'php.png', true),
                                                                                  ('C014', 'Laravel Framework', 45, 'Nguyen Van N', '2025-01-15', 'laravel.png', true),
                                                                                  ('C015', 'Ruby on Rails', 40, 'Tran Thi O', '2025-02-20', 'ruby.png', true),
                                                                                  ('C016', 'Android Development', 50, 'Pham Van P', '2025-03-10', 'android.png', true),
                                                                                  ('C017', 'iOS Development', 50, 'Nguyen Thi Q', '2025-04-05', 'ios.png', true),
                                                                                  ('C018', 'UI/UX Design', 30, 'Tran Van R', '2025-04-20', 'uiux.png', true),
                                                                                  ('C019', 'Kotlin for Android', 35, 'Le Thi S', '2025-05-01', 'kotlin.png', true),
                                                                                  ('C020', 'DevOps Essentials', 45, 'Nguyen Van T', '2025-05-15', 'devops.png', true),
                                                                                  ('C021', 'Cybersecurity Basics', 30, 'Tran Thi U', '2025-06-01', 'cyber.png', true),
                                                                                  ('C022', 'Cloud Computing', 40, 'Pham Van V', '2025-06-10', 'cloud.png', true),
                                                                                  ('C023', 'Docker & Kubernetes', 35, 'Nguyen Thi W', '2025-06-15', 'docker.png', true),
                                                                                  ('C024', 'Data Structures', 40, 'Tran Van X', '2025-06-20', 'ds.png', true),
                                                                                  ('C025', 'Algorithms', 45, 'Le Thi Y', '2025-06-22', 'algo.png', true);


INSERT INTO student (username, name, dob, email, sex, phone, password, create_at, role, status) VALUES
                                                                                                    ('VuongNguyen', 'Nguyen Van Vuong', '2000-01-15', 'a01@example.com', true, '0911111111', '1', '2024-06-01', true, true),
                                                                                                    ('user02', 'Tran Thi B', '1999-02-20', 'b02@example.com', false, '0922222222', 'pass02', '2024-06-01', false, true),
                                                                                                    ('user03', 'Le Van C', '2001-03-10', 'c03@example.com', true, '0933333333', 'pass03', '2024-06-01', false, true),
                                                                                                    ('user04', 'Pham Thi D', '1998-04-25', 'd04@example.com', false, '0944444444', 'pass04', '2024-06-01', false, true),
                                                                                                    ('user05', 'Hoang Van E', '2002-05-18', 'e05@example.com', true, '0955555555', 'pass05', '2024-06-01', false, true),
                                                                                                    ('user06', 'Dang Thi F', '2000-06-12', 'f06@example.com', false, '0966666666', 'pass06', '2024-06-01', false, true),
                                                                                                    ('user07', 'Nguyen Van G', '1999-07-30', 'g07@example.com', true, '0977777777', 'pass07', '2024-06-01', false, true),
                                                                                                    ('user08', 'Tran Thi H', '2001-08-15', 'h08@example.com', false, '0988888888', 'pass08', '2024-06-01', false, true),
                                                                                                    ('user09', 'Le Van I', '1997-09-10', 'i09@example.com', true, '0999999999', 'pass09', '2024-06-01', false, true),
                                                                                                    ('user10', 'Pham Thi J', '1998-10-05', 'j10@example.com', false, '0901010101', 'pass10', '2024-06-01', false, true),
                                                                                                    ('user11', 'Nguyen Van K', '2000-11-20', 'k11@example.com', true, '0912121212', 'pass11', '2024-06-01', false, true),
                                                                                                    ('user12', 'Tran Thi L', '2001-12-01', 'l12@example.com', false, '0923232323', 'pass12', '2024-06-01', false, true),
                                                                                                    ('user13', 'Le Van M', '2002-01-11', 'm13@example.com', true, '0934343434', 'pass13', '2024-06-01', false, true),
                                                                                                    ('user14', 'Pham Thi N', '1999-02-22', 'n14@example.com', false, '0945454545', 'pass14', '2024-06-01', false, true),
                                                                                                    ('user15', 'Nguyen Van O', '1998-03-31', 'o15@example.com', true, '0956565656', 'pass15', '2024-06-01', false, true),
                                                                                                    ('user16', 'Tran Thi P', '2001-04-05', 'p16@example.com', false, '0967676767', 'pass16', '2024-06-01', false, true),
                                                                                                    ('user17', 'Le Van Q', '2000-05-20', 'q17@example.com', true, '0978787878', 'pass17', '2024-06-01', false, true),
                                                                                                    ('user18', 'Pham Thi R', '1999-06-25', 'r18@example.com', false, '0989898989', 'pass18', '2024-06-01', false, true),
                                                                                                    ('user19', 'Nguyen Van S', '1997-07-30', 's19@example.com', true, '0990909090', 'pass19', '2024-06-01', false, true),
                                                                                                    ('user20', 'Tran Thi T', '2002-08-08', 't20@example.com', false, '0902020202', 'pass20', '2024-06-01', false, true);



INSERT INTO enrollment (student_id, course_id, registered_at, status) VALUES
                                                                          (1, 'C001', '2024-06-01 08:30:00', 'CONFIRM'),
                                                                          (2, 'C002', '2024-06-01 09:00:00', 'WAITING'),
                                                                          (3, 'C003', '2024-06-01 09:15:00', 'CONFIRM'),
                                                                          (4, 'C004', '2024-06-01 09:30:00', 'DENIED'),
                                                                          (5, 'C005', '2024-06-01 10:00:00', 'CONFIRM'),
                                                                          (6, 'C006', '2024-06-01 10:30:00', 'WAITING'),
                                                                          (7, 'C007', '2024-06-01 11:00:00', 'CANCEL'),
                                                                          (8, 'C008', '2024-06-01 11:30:00', 'CONFIRM'),
                                                                          (9, 'C009', '2024-06-01 12:00:00', 'WAITING'),
                                                                          (10, 'C010', '2024-06-01 13:00:00', 'CONFIRM'),
                                                                          (11, 'C011', '2024-06-01 14:00:00', 'CONFIRM'),
                                                                          (12, 'C012', '2024-06-01 14:30:00', 'WAITING'),
                                                                          (13, 'C013', '2024-06-01 15:00:00', 'DENIED'),
                                                                          (14, 'C014', '2024-06-01 15:30:00', 'CONFIRM'),
                                                                          (15, 'C015', '2024-06-01 16:00:00', 'CANCEL'),
                                                                          (16, 'C016', '2024-06-01 16:30:00', 'WAITING'),
                                                                          (17, 'C017', '2024-06-01 17:00:00', 'CONFIRM'),
                                                                          (18, 'C018', '2024-06-01 17:30:00', 'WAITING'),
                                                                          (19, 'C019', '2024-06-01 18:00:00', 'CONFIRM'),
                                                                          (20, 'C020', '2024-06-01 18:30:00', 'DENIED'),
                                                                          (1, 'C021', '2024-06-02 09:00:00', 'CONFIRM'),
                                                                          (2, 'C022', '2024-06-02 09:30:00', 'WAITING'),
                                                                          (3, 'C023', '2024-06-02 10:00:00', 'CONFIRM');
